"Author","CommR"
"Aaron_Courville",34
"Aaron_D._Likens",3
"Aaron_Mitchell",1
"Aaron_Richard_Glick",20
"Abdessamad_Chanaa",159
"Adam_Lopez",30
"Adam_Plumbley",29
"Adam_Viola",37
"Adetunji_Adeniran",99
"Aditya_Kanade",136
"Aditya_Vempaty",33
"Adriana_de_Carvalho",1
"Adva_Livni",3
"Agneta_Gulz",21
"Agnieszka_SkawinÌ.ska",165
"Ahmad_Al_Doulat",15
"Ahmed_Alamri",22
"Ahmed_Zaidi",78
"Aileen_Benedict",15
"Ailiya_Borjigin",82
"Ainhoa_AÌ.lvarez",61
"Akailah_Jenkins",1
"Akihiro_Kashihara",90
"Akos_Ledezci",1
"Alan_Carlin",109
"Alan_F._Smeaton",9
"Alan_Pedro",6
"Alan_Pedro_da_Silva",6
"Alan_Schoenfeld",4
"Albert_Corbett",1
"Alberto_Giovanni_Busetto",57
"Alejex_Shabas",9
"Alessandro_Faraotti",25
"Alessandro_Marani",105
"Alexander_Robert_Kutzke",156
"Alexandra_Cristea",22
"Alexandre_I._Direne",156
"Alexey_Shpilman",120
"Alfredo_Sandes",36
"Alice_Barana",75
"Alice_Hansen",2
"Alicja_Piotrkowicz",7
"Alik_Palatnic",3
"Alin_Nicolae_Zanciu",77
"Alina_von_Davier",17
"Alireza_Karduni",15
"Alistair_Windsor",1
"Allan_Tucker",79
"Allen_Guo",11
"Allison_L._Moore",1
"Alyssa_Alcorn",122
"Amali_Weerasinghe",7
"Amanda_Jarrell",16
"Amanda_Whitehurst",5
"Amar_Lalwani",164
"Amber_Strain",1
"Amey_Karkare",91
"Amir_Hossein_Farzaneh",101
"Amir_Shareghi_Najar",7
"Amit_Deutsch",36
"Amruth_N._Kumar",169
"Amy_M._Johnson",3
"Amy_Ogan",5
"Ana_Alycia_Quintana",118
"Ana_Arruarte",61
"Ana_MariÌ.a_Pinto_Llorente",117
"Ana_Mouta",117
"Ana_Paiva",10
"Anabil_Munshi",1
"Anaka_Sparrow",31
"Andrea_Belli",25
"Andrea_Cappelli",106
"Andrea_Gauthier",2
"Andrea_Kleinsmith",86
"Andreas_Oranje",3
"Andreea_Godea",52
"AndreÌ._Mayers",1
"AndreÌ._Vinicius",6
"Andrew_Ang",17
"Andrew_Caines",78
"Andrew_Clayphan",12
"Andrew_Coulson",73
"Andrew_Emerson",1
"Andrew_Godfrey",50
"Andrew_J._Hampton",1
"Andrew_Jones",155
"Andrew_Lan",37
"Andrew_Olney",1
"Andrew_Pomazanskyi",45
"Andrew_Rice",78
"Andrzej_Cader",179
"Andy_Smith",1
"Ange_Tato",81
"Angela_Langner_Thiele",72
"Angela_Stewart",1
"Angela_Wagner",1
"Anna_Filighera",88
"Anna_Lena_Theus",4
"Anna_N._Rafferty",3
"Anna_Swigart",11
"Annabel_Latham",144
"Annalies_Vuong",2
"Anne_Boyer",35
"Anne_Laure_Ligozat",114
"Anne_M._Sinatra",1
"Anne_Pfeifer",26
"Anne_Pier_Salverda",8
"Annika_Silvervarg",21
"Anouschka_van_Leeuwen",2
"Anthony_F._Botelho",1
"Anthony_G._Cohn",7
"Anton_Axelsson",21
"Antonette_Shibani",12
"Antonija_Mitrovic",7
"Antonija_MitrovicÌ.",7
"Antonio_Ascolese",7
"Anupam_Makhija",58
"Arabella_J._Sinclair",30
"Arancha_Simon_Hurtado",147
"Areej_Mawasi",5
"Ari_Bader_Natal",158
"Aristoteles_Peixoto",6
"Armando_DiÌ.az_Tolentino",102
"Arnon_Hershkovitz",1
"Arthur_Graesser",1
"Arthur_M._Glenberg",5
"Artyom_Lobanov",120
"Arvid_Kappas",10
"Ashish_Jagmohan",33
"Ashok_Goel",56
"Ashudeep_Singh",2
"Ashvini_Varatharaj",1
"Asli_Arslan_Esme",64
"Asmalina_Saleh",1
"Atefeh_Ahmadi",7
"Atsushi_Yamada",24
"Aubrey_Condor",170
"Aude_Thomas",35
"Audrey_Serna",39
"Audrey_Wong",5
"AureÌ.lie_Nardy",3
"Avery_Harrison",4
"Avi_Segal",3
"Avinash_Sivaraman",4
"Ayan_Banerjee",83
"Ayesha_Madni",48
"Ayon_Sen",11
"Aysu_Ezen_Can",1
"Badroddin_Najmi",7
"Bahar_Shahrokhian_Ghahfarokhi",4
"Baptiste_CableÌ.",19
"Baptiste_Monterrat",39
"Barbara_Di_Eugenio",9
"Barbara_Hammer",9
"Barbara_Solenthaler",57
"Barbara_Wasson",10
"Bart_Rienties",134
"Baruch_Schwarz",3
"Bassam_Mokbel",9
"Bastiaan_Heeren",42
"Beate_Grawemeyer",2
"Beatriz_Barros",84
"Beenish_Chaudry",9
"Behrooz_Mostafavi",3
"Ben_K._Daniel",87
"Ben_Manson_Toussaint",19
"Ben_Mason",29
"Benedict_du_Boulay",7
"Benjamin_MacLaren",1
"Benjamin_Nye",1
"Benjamin_Talks",14
"Benjamin_Valdes",123
"Bernard_Evans",7
"Bernard_Yett",1
"Bert_Bredeweg",26
"Bertrand_Schneider",40
"Betty_TaÌ.rning",21
"Beverly_Woolf",4
"Bhargavi_Paranjape",5
"Bhavna_Agrawal",33
"Bikram_Sengupta",8
"Biman_Gujral",2
"Bin_Duan",110
"Binglin_Chen",65
"Birgit_Lugrin",26
"BjoÌ.rn_SjoÌ.deÌ.n",21
"Blair_Lehman",1
"Blessing_Mbipom",175
"Bo_Zhang",104
"Bogdan_Nicula",3
"Boniface_Mbouzao",39
"Borhan_Samei",1
"Boyd_A._Potts",47
"Bradford_Mott",1
"Brendon_Towle",2
"Brent_Milne",1
"Breya_Walker",1
"Brian_Broll",1
"Brian_C._Gauch",1
"Brian_Dorn",153
"Brian_Zylich",37
"Brigitte_Grau",114
"Brokk_Toggerson",37
"Bruce_J._MacLennan",95
"Bruce_M._McLaren",2
"Bruce_Roberts",48
"Bruno_Elias_Penteado",2
"Bruno_Lemos",6
"Byungsoo_Kim",32
"Cagri_Tanriover",64
"Caitlin_Mills",1
"Caitlin_Snyder",1
"Callie_Vaughn",5
"Cameron_Dashti",2
"Camilla_Kirkegaard",21
"Candida_Crawford",2
"Carl_Reidsema",47
"Carla_Limongelli",105
"Carlos_Delgado_Kloos",133
"Carlos_Ramirez",123
"Carmel_Kent",2
"Carmen_Candel",98
"Carol_Forsyth",1
"Carolyn_Hayes",12
"Carolyn_Rose",2
"Carolyn_RoseÌ.",2
"Carrie_Demmans_Epp",31
"Carsten_Ullrich",62
"Cassandra_Potier_Watkins",128
"Cassia_C._Carter",1
"Cassius_Dâ..helon",8
"Catharine_Oertel",2
"Catherine_A._Spann",1
"Catherine_Chase",2
"Catherine_Garbay",19
"Catherine_Lussenhop",20
"Catherine_M._Arrington",5
"Cecil_Lozano",4
"Cecile_Perret",3
"Cecilia_MalbraÌ.n",3
"Cecilie_Hansen",10
"Cecily_Heiner",182
"Celeste_Pizarro_Romero",96
"Chan_Bae",32
"Changqin_Huang",55
"Charleen_Brand",28
"Charles_Lang",172
"Charles_Thevathayan",116
"Chen_Chen",6
"Chen_Lin",3
"Cherie_Lucas",12
"Chiara_Alzetta",71
"Chinasa_Odo",99
"Chou_Ching_En",2
"Chris_Alvin",89
"Chris_Baber",31
"Chris_Bogart",2
"Chris_Wong",183
"Christa_Cody",3
"Christian_Jones",80
"Christian_Soto",3
"Christina_Summerside",16
"Christine_Wilson",18
"Christoph_Igel",62
"Christoph_Rensing",88
"Christophe_Luxembourger",35
"Christopher_Bogart",2
"Christopher_Brooks",50
"Christopher_G._Brinton",37
"Christopher_G._Lucas",30
"Christopher_Kurzum",3
"Christopher_M._Mitchell",1
"Christopher_MacLellan",2
"Christopher_V._Le",11
"Christos_Troussas",127
"Christothea_Herodotou",63
"Chukwudi_E._Amadi",87
"Chul_Sung",8
"Chun_W._Liew",2
"Chunyan_Miao",82
"Cindy_E._Hmelo_Silver",1
"Clara_Cahill",20
"Clarence_Ngoh",2
"Claude_Frasson",16
"Claude_Moulin",126
"Claudia_Mazziotti",2
"Clauvice_Kenfack",81
"Cleo_Schulten",72
"Colin_Gerber",11
"Collin_Lynch",3
"Corentin_Jouault",67
"Corinne_Caillaud",12
"Courtney_Dean",109
"Craig_Ganoe",2
"Craig_Zilles",65
"CredineÌ._Menezes",113
"Cristi_L._Ogle",95
"Cristina_Conati",1
"Cristina_Dumdumaya",5
"Cristina_Heffernan",1
"Cui_Tang",76
"Cyril_Goutte",135
"Cyrille_Suire",100
"Da_Cao",37
"Damla_Ezgi_Akcora",25
"Dan_Carpenter",1
"Dan_Noren",20
"Dana_Al_Qudah",22
"Dana_Cataldo",16
"Daniel_Auerbach",20
"Daniel_Brenner",73
"Daniel_M._Belenky",2
"Daniel_Manzo",4
"Daniel_Pead",4
"Daniel_Smilek",1
"Daniel_Weitekamp",2
"Daniela_Nossa_Diaz",25
"Daniele_Di_Mitri",59
"Danielle_Allessio",4
"Danielle_Clewley",1
"Danielle_Dumond",109
"Danielle_McNamara",3
"Danilo_Symonette",46
"Daniyal_Khan",46
"Daouda_Sawadogo",100
"Daria_Bondareva",1
"Darren_J._Norton",2
"Darshak_Chhatbar",124
"Daryn_A._Dever",1
"David_Adamson",2
"David_Arnau",43
"David_Azcona",9
"David_Barel",36
"David_Culler",11
"David_Deisadze",1
"David_Edgar_K._Lelei",38
"David_F._Cihak",95
"David_Fernandes",22
"David_Hatfield",140
"David_Jackson",29
"David_Joyner",150
"David_Lang",30
"David_Pritchard",41
"David_Sebastian_Schlepps",2
"David_Vince",2
"David_Williamson_Shaffer",1
"David_Yaron",2
"Davide_Fossati",9
"Deanne_Adams",2
"Deborah_Butler",28
"Deborah_Richards",58
"Deborah_Viviane_Ferrari",2
"Deena_Bernett",2
"Deena_Soffer_Goldstein",1
"Dehong_Luo",1
"Del_Hebert",1
"Delaney_Lothian",31
"Deliang_Wang",6
"Denis_Mareschal",2
"Deniz_Sonmez_Unal",5
"Dennis_Lusetich",18
"Devendra_Singh_Chaplot",2
"Devin_G._Russell",3
"Devon_B._Walker",3
"Dhavalkumar_Thakker",7
"Dhruv_Chand",2
"Diana_PeÌ.rez_MariÌ.n",96
"Diane_Halpern",1
"Diane_Litman",18
"Diego_Dermeval",6
"Diego_Zapata_Rivera",1
"Dimoklis_Despotakis",7
"Dinesha_Weragama",162
"Dipesh_Gautam",27
"Divyanshu_Bhartiya",2
"Diyi_Yang",2
"Dominique_Lenne",126
"Domitile_Lourdeaux",138
"Don_Engel",46
"Donald_M._Morrison",27
"Dongmin_Shin",32
"Dongming_Xu",41
"Dorothea_Tsatsou",45
"Doug_Bonn",28
"Douglas_B._Clark",177
"Douglas_Krieghbaum",125
"Douglas_Selent",1
"Dovan_Rai",4
"Dragan_Gasevic",2
"Dragan_GasÌŒevicÌ.",30
"Dralia_Tulley_Patton",52
"Dulce_Lay",107
"Dung_D._Vu",34
"Dustin_Tingley",17
"Dylan_Arena",140
"Dylan_Blaum",70
"Eda_Okur",64
"Edmon_Begoli",95
"Eduardo_GuzmaÌ.n",84
"Eduardo_Vidal_Abarca",98
"Edward_Misback",11
"Edwin_Chng",40
"Efi_Mantzourani",12
"EÌ.lise_LavoueÌ.",39
"Eiji_Watanabe",129
"Ekaterina_Kochmar",34
"Elaine_Farrow",66
"Elaine_Oliveira",22
"Eleanor_Oâ..Rourke",102
"Eliane_Stampfer",2
"Elisabeth_AndreÌ.",26
"Elizabeth_B._Cloude",1
"Elizabeth_Carter",152
"Elizabeth_K._Morales_Urrutia",96
"Elizabeth_L._Tighe",3
"Elizabeth_McBride",1
"Elizabeth_McLaughlin",2
"Elizabeth_Rodriguez",1
"Elliot_Adderton",29
"Elmira_Yadollahi",10
"Elvira_Popescu",94
"Emily_Feitl_Blackstock",1
"Emily_Schneider",11
"Emily_Weigel",56
"Emmanouela_Papapesiou",2
"Emmanuel_Ayedoun",67
"Emmanuel_G._Blanchard",77
"Emmanuel_Johnson",60
"Engin_Bumbacher",36
"Enrique_Hortal",45
"Entisar_Abolkasim",7
"Erfan_Al_Hossami",15
"Eric_Butler",102
"Eric_Cosyn",121
"Eric_Domeshek",74
"Eric_Nyberg",68
"Eric_Poitras",16
"Eric_Wiebe",1
"Erica_L._Snow",3
"Erik_Anderberg",21
"Erik_Andersen",93
"Erik_Erickson",4
"Erik_Harpstead",2
"Erin_Ottmar",4
"Erin_Solovey",5
"Erin_Walker",5
"Ermal_Toto",53
"Ethan_Tu",40
"Eugene_Tsuprun",3
"Eva_Maria_Ternblad",21
"Eva_MillaÌ.n",85
"Eva_Torrecilla_SaÌ.nchez",117
"Evaggelos_Spyrou",45
"Evelyn_Yarzebinski",5
"Evi_Chryssafidou",2
"Fabrizio_Renzi",25
"Fakhri_Abbas",15
"Fazel_Keshtkar",1
"Fernando_J._RodriÌ.guez",1
"Fernando_Nabais",10
"Filipe_D._Pereira",22
"Filippo_Sciarrone",105
"Filippo_Vannella",25
"Florence_R._Sullivan",4
"Florin_Bulgarov",52
"Floris_Linnebank",26
"Foteini_Grivokostopoulou",148
"Francesca_Del_Bonifro",108
"Franceska_Xhakaj",2
"FrancÌ.ois_Bouchet",1
"Francis_Jambon",19
"Frank_Dignum",58
"Frans_A._Oliehoek",29
"Frosina_Koceva",71
"Fuzhen_Zhuang",6
"G._G._Tanner_Jackson",3
"G._Tanner_Jackson",1
"Gabi_Cierniak",10
"Gabriel_GutÌ.u_Robu",42
"Gabriel_Gutu_Robu",3
"Gabriel_Pui_Cheong_Fung",55
"Gahgene_Gweon",49
"Gale_Lucas",60
"Gale_Yan_Huang",13
"Gaurav_Tomar",2
"Gautam_Biswas",1
"Gayathri_K._Wijayarathna",8
"Geela_Venise_Firmalo_Fabic",7
"Geiser_Chalco_Challco",6
"Genaro_Rebolledo_Mendez",163
"Gene_Aguiar",22
"GenevieÌ.ve_Gauthier",16
"Geng_Sun",41
"Geoffray_Bonnin",35
"Geoffrey_Converse",119
"Geoffrey_J._Gordon",2
"George_Gkotsis",22
"George_Goguadze",2
"George_Siemens",2
"Georges_Michel",138
"Gerhilde_Meissl_Egghart",10
"Ghassan_Beydoun",41
"Giles_Westerfield",7
"Ginevra_Castellano",10
"Giota_Stratou",20
"Giovanni_Adorni",71
"Gisela_Vallejo",69
"Giuseppe_Lisanti",108
"Glen_Hart",7
"Glenn_D._Blank",152
"Glenn_Lopez",17
"Gokce_Akcayir",31
"Gordon_McCalla",38
"Graham_Erickson",38
"Gregor_Kennedy",14
"Gregor_Mehlmann",26
"Gregory_K._W._K._Chung",48
"Gregory_R._Moore",1
"Gregory_Weber",17
"Guanliang_Chen",2
"Guilherme_Medeiros_Machado",35
"Guillaume_Durand",135
"Guiomar_JimeÌ.nez",85
"Guojing_Zhou",3
"Guoliang_Li",13
"Guoyi_Wang",1
"Gustavo_PadroÌ.n_Rivera",163
"Gwendolyn_E._Campbell",66
"H._Chad_Lane",20
"H._Ulrich_Hoppe",72
"Haiying_Li",1
"Hamid_Karimi",13
"Hamoon_Azizsoltani",3
"Hana_BydzÌŒovskaÌ.",167
"Hang_Li",13
"Hanshuang_Tong",14
"Hao_Wu",93
"Haochen_Liu",13
"Haokang_An",2
"Haoran_Xie",30
"Hasan_Uzun",121
"Hassan_Khosravi",47
"Haydar_Mahmoud",77
"Heather_K._Holden",1
"Heather_Newman",150
"Heather_Pon_Barry",5
"Hedieh_Ranjbartabar",58
"Heera_Lee",86
"Helen_C._Leligou",45
"Helen_Hastie",10
"Helen_Pain",122
"Helena_Connolly",2
"Hendrik_Drachsler",59
"Henry_Hua",1
"Hilary_Johnson",2
"Hind_Hayati",139
"Hiranmay_Ghosh",92
"Hitomi_Saito",44
"Hitoshi_Terai",44
"Homa_B._Hashemi",151
"Hongli_Gao",1
"Hub_Kurvers",3
"Hugh_Burkhardt",4
"Hugo_Rodrigues",68
"Huiji_Ying",3
"Huili_Chen",1
"Hung_Chau",9
"Huy_Nguyen",2
"Huy_V._Nguyen",18
"Huzefa_Rangwala",160
"Hyunsoo_Cho",130
"I_Han_Hsiao",9
"Ian_Gliser",1
"Ian_Shrier",39
"Ido_Roll",28
"Ifeanyi_G._Ndukwe",87
"Ig_Ibert_Bittencourt",6
"Ignacio_Casas",5
"Ignacio_MaÌ.nÌƒez",98
"Ilaria_Torre",71
"Ilia_Rushkin",17
"Ilkka_Tuomi",171
"Illya_Bomash",155
"Ilya_M._Goldin",3
"Imane_Lamrani",83
"Imran_Zualkernan",4
"Ioannis_Hatzilygeroudis",148
"Ionut_Damian",26
"Irena_Koprinska",12
"Irene_Angelica_Chounta",18
"Irina_Borisova",176
"Iris_Howley",2
"Iryna_Gurevych",69
"Isabela_Gasparini",77
"Ishan_Rastogi",136
"Ishrat_Ahmed",5
"Itziar_Aldabe",61
"Iulian_Radu",40
"Iulian_Vlad_Serban",34
"Ivan_Bratko",103
"Ivon_Arroyo",4
"J._Elizabeth_Richey",2
"Jack_Mostow",19
"Jaclyn_K._Maass",1
"Jaclyn_Ocumpaugh",1
"Jae_Gil_Lee",49
"Jae_wook_Ahn",8
"Jaewe_Heo",32
"Jakub_Kocvara",63
"James_Bailey",14
"James_Clark",2
"James_Cooper",1
"James_Finch",60
"James_Lester",1
"James_Minogue",1
"James_Pellegrino",1
"James_R._Brockmole",1
"James_R._Curran",12
"James_R._Segedy",1
"James_S._Molloy",77
"James_Tanton",2
"Jan_Carlstedt_Duke",8
"Jan_PapousÌŒek",54
"Jan_Schneider",59
"Janay_Stewart",1
"Janice_Gobert",53
"Janie_Brisson",81
"Japheth_Duane_Samaco",5
"Jared_Freeman",109
"Jaroslav_CÌŒechaÌ.k",54
"Jaruwat_Pailai",24
"Jason_Bernard",94
"Jason_J._Y._Park",49
"Jason_M._Harley",1
"Javier_Gonzalez_Sanchez",4
"Jay_Holland",7
"Jean_FrancÌ.ois_Lebeau",1
"Jeanine_DeFalco",1
"Jeff_Bale",28
"Jeffrey_D._Wammes",1
"Jeffrey_Matayoshi",121
"Jeffrey_S._Skowronek",118
"Jeffrey_Wiseman",16
"JeÌ.roÌ.me_Tonetti",19
"Jekaterina_Rogaten",134
"Jenilyn_L._Agapito",5
"Jenna_Marks",2
"Jennifer_Boller",27
"Jennifer_Hammock",56
"Jennifer_K._Olsen",2
"Jennifer_L._Chiu",1
"Jennifer_L._Weston",3
"Jennifer_Lentini",1
"Jennifer_Sabourin",1
"Jennifer_Tsan",1
"Jennifer_Wiley",3
"Jeremiah_T._Folsom_Kovarik",115
"Jeremy_Ludwig",74
"Jesse_de_Haan",58
"Jesse_R._Sparks",1
"Jesse_Thomason",18
"Jessica_McBroom",12
"Jessica_Yarbro",8
"Jesslyn_Lamtara",14
"Jesus_G._Boticario",43
"Ji_Hun_Kim",93
"Ji_Hyun_Yu",14
"Jia_Zhu",55
"Jiahao_Chen",13
"Jianmin_Dai",3
"Jiaqi_Gong",86
"Jiayin_Lin",41
"Jie_Yang",2
"Jiefei_Liu",6
"Jihie_Kim",48
"Jiliang_Tang",13
"Jim_Reye",162
"Jin_Wang",1
"Jincheul_Jang",49
"Jineon_Baek",32
"Jing_Hu",50
"Jing_Qu",1
"Jing_Zhao",3
"Jingjing_Zhang",2
"Jingshuai_Zhang",76
"Jingtao_Wang",143
"Jionghao_Lin",30
"JirÌŒiÌ._RÌŒihaÌ.k",54
"Joanna_Feliz_Cortez",5
"Jochem_Liem",26
"Jodi_Forlizzi",2
"Jody_Clarke_Midura",2
"Joelle_Pineau",34
"Johan_Jeuring",42
"Johanna_Moore",66
"John_Behrens",8
"John_Champaign",38
"John_Christopher_Jones",29
"John_Connelly",2
"John_L._Nietfeld",154
"John_S._Kinnebrew",1
"John_Stamper",1
"Jon_A._Elorriaga",61
"Jon_Star",2
"Jon_Wetzel",4
"Jonathan_Gratch",60
"Jonathan_Massey_Allard",28
"Jonathan_McKinsey",11
"Jonathan_Rowe",1
"Jonathan_Sewall",2
"Jonathan_Steinberg",1
"Jordan_Barria_Pineda",9
"Jorge_Ramirez",123
"Jose_A._Maestro_Prieto",147
"JoseÌ._A._RuipeÌ.rez_Valiente",133
"JoseÌ._de_MagalhaÌƒes_Netto",113
"JoseÌ._Luis_PeÌ.rez_de_la_Cruz",85
"JoseÌ._Miguel_OcanÌƒa_Ch.",96
"JoseÌ._P._GonzaÌ.lez_Brenes",9
"Joseph_Beck",4
"Joseph_F._Grafsgaard",1
"Joseph_Gunderson",1
"Joseph_Jay_Williams",3
"Joseph_Reilly",40
"Joseph_Wiggins",1
"Joshua_Martinez",5
"Joshua_Peterson",11
"Joshua_Stretton",12
"Josine_Verhagen",140
"JosmaÌ.rio_Albuquerque",6
"Joss_Ives",28
"Juan_Miguel_Andres",1
"Judith_Burstyn",11
"Judith_Good",122
"Judith_Masthoff",99
"Judy_Kay",12
"Juelaila_Raziuddin",53
"Julia_Rucklidge",7
"Juliana_Ma._Alexandra_L._Andres",1
"Juliane_Kohn",57
"Julien_Broisin",10
"Juliette_Culver",2
"Julio_Guerra",9
"Julita_Vassileva",6
"Jun_Shen",41
"Jun_Xie",1
"Junaid_Mubeen",2
"Junchen_Feng",104
"Junghyuk_Park",130
"Junghyun_Cho",32
"Junya_Morita",44
"Junyi_Li",1
"Juraj_NizÌŒnan",54
"Jurgen_Schulte",12
"Justin_Djordjevic",31
"Justine_Cassell",5
"Kahina_Amokrane_Ferka",138
"Kai_Kiu",1
"Kaitlin_T._Torphy",13
"Kalina_Yacef",12
"Kallirroi_Georgila",20
"Kalyan_Veeramachaneni",161
"Kamilla_TenoÌ.rio",6
"Karen_Mazidi",52
"Karen_Myers",80
"Karen_Stepanyan",22
"KasÌ.ka_Porayska_Pomsta",2
"Kasia_Muldner",4
"Katerina_Mangaroska",12
"Katharina_Loibl",2
"Kathryn_S._McCarthy",3
"Katrina_Falkner",141
"Kazjon_Grace",15
"Kazuaki_Kojima",44
"Kazuhisa_Miwa",44
"Kazuhisa_Seta",67
"Kazumasa_Goda",132
"Keejun_Han",49
"Keith_Brawner",1
"Keith_Kennedy",29
"Keith_McNulty",3
"Keith_Millis",1
"Keith_Shubeck",1
"Keli_Cheng",1
"Kellie_Keifer",80
"Ken_ichi_Fukui",51
"Kenneth_A._Frank",13
"Kenneth_Holstein",2
"Kenneth_Koedinger",2
"Kenneth_Miller",27
"Kentaro_Inui",69
"Kevin_Kee",16
"Kevin_Mulqueeny",1
"Kevin_Trebing",59
"Kevin_W._McElhaney",1
"Kim_Kelly",1
"Kobi_Gal",3
"Kofi_James",1
"Koichi_Moriyama",51
"Konstantina_Chrysafiadi",127
"Korinn_Ostrow",1
"Kourosh_Neshatian",7
"Krista_D._Glazewski",1
"Kristian_MaÌŠnsson",21
"Kristin_Stoeffler",17
"Kristina_Krasich",1
"Kristopher_J._Kopp",3
"Kristy_Elizabeth_Boyer",1
"Kshitij_Sharma",10
"Kurt_Vanlehn",4
"Kurt_VanLehn",4
"Kyle_McIntyre",80
"Kyungjin_Park",1
"Lakshmi_S._Doddannara",1
"Lamiya_Al_Shanfari",31
"Lana_Karabachian",1
"Lara_Al_Hariri",37
"Lara_Hoareau",35
"Larian_M._Nkomo",87
"Larise_Lucia_Stavarache",3
"Lasagn_Tamang",27
"Laura_Allen",3
"Laura_Gemmell",112
"Laura_Hamel",115
"Laura_K._Varner",3
"Laura_Naismith",16
"Lauren_Fratamico",28
"Laurent_Charlin",34
"Lawrence_Kizilkaya",2
"Layla_Husain",21
"Leah_Friedman",5
"Lei_Shi",22
"Leigh_A._Mingle",1
"Leigh_Ann_Sudol_DeLyser",9
"Leila_Yousefi",79
"Leo_Grande",1
"Leon_Camus",88
"Lesley_Gardner",137
"Lewis_Johnson",158
"Li_Li",41
"Li_Zhang",160
"Liberty_Munson",17
"Lila_Lee",16
"Liliana_Fonseca",3
"Lin_Chen",9
"Lin_Gu",3
"Linda_Elkins_Tanton",2
"Linda_Kauffman",1
"Lindsay_Grace",1
"Lingyi_Tan",111
"Linwei_Zhu",48
"Lisa_M._Rossi",1
"Lisa_Palmqvist",21
"Lishan_Zhang",6
"Lu_Ou",2
"Luc_Paquette",1
"Luca_Benedetto",106
"Luca_Lodi",25
"Lucia_Pannese",7
"Luciano_Silva",22
"Lucy_R._Shores",154
"Lucy_Wenham",112
"Luigi_Di_Caro",75
"Luisa_Coheur",68
"Lujie_Chen",181
"Luke_Dawson",29
"Luke_Oakden_Rayner",7
"Lydia_Davison",36
"Lydia_G._Pezzullo",1
"Lydia_Lau",7
"Lynn_Stephens",4
"M._Adelaida_Restrepo",5
"M._Zakaria_Kurdi",168
"Ma._Mercedes_Rodrigo",5
"Machi_Shimmei",5
"Madeline_Wu",11
"Madiha_Khan_Galaria",2
"Maedeh_Kazemitabar",16
"MaeÌ.l_Beuget",35
"Magdalena_Andrzejewska",165
"Magdalene_Wang",46
"Magnus_Haake",21
"Majd_Sakr",2
"Manolis_Mavrikis",2
"Manuel_F._Bertoa",84
"Manuel_Hernando",84
"Manuel_J._Fonseca",97
"Maomi_Ueno",23
"Mar_Saneiro",43
"Marcell_van_Geest",42
"Marcelo_Worsley",36
"Marci_Glaus",1
"Marcus_Specht",59
"Margaret_Hamilton",116
"Maria_Bertling",3
"Maria_Bolsinova",17
"Maria_Chang",8
"Maria_Dorinela_Dascalu",3
"Maria_Dorinela_Sirbu",3
"Maria_Elena_Chavez_Echeagaray",4
"Maria_Margeti",2
"Maria_Roussou",174
"Maria_San_Pedro",1
"Maria_Virvou",127
"Marian_Simian",3
"Mariana_Curi",119
"Marianna_Lamnina",2
"Marie_Bienkowski",1
"Marie_Lefevre",19
"MariÌ.a_AÌ.ngeles_Serrano",98
"MariÌ.a_Victoria_Belmonte",85
"Marilena_Panaite",3
"Marina_Berardi",25
"Marina_Marchisio",75
"Marina_Morettin_Zupelari",2
"Mark_A._Riedesel",1
"Mark_Billinghurst",7
"Mark_Brosnan",2
"Mark_Floryan",4
"Mark_G._Core",20
"Markel_Sanz_Ausin",3
"Markus_Gross",57
"Marshall_An",2
"Marta_Couto",10
"Marta_Indulska",47
"Martin_Henz_",131
"Martin_Hlosta",63
"Martin_MozÌŒina",103
"Martin_Nystrand",1
"Martin_van_Velsen",1
"Martina_Rau",11
"Mary_Anne_Britt",70
"Mary_Lou_Maher",15
"Maryam_Mohseni",15
"Maryse_Bianco",3
"Masaki_Uto",23
"Masashi_Okano",23
"Masayuki_Numao",51
"Mashael_Al_Luhaybi",79
"Matej_Guid",103
"Mateus_Monteiro",6
"Mats_Lind",21
"Matteo_Lombardi",105
"Matthew_A._Emery",3
"Matthew_D._Johnson",10
"Matthew_E._Jacovina",3
"Matthew_Gordon",7
"Matthew_Jensen_Hays",20
"Matthew_Labrum",1
"Matthew_Micciolo",4
"Matthew_Ventura",8
"Matthew_W._Easterday",149
"Matthew_West",65
"Maureen_Villamor",5
"Maurizio_Gabbrielli",108
"Maxine_Eskenazi",68
"Maxwell_Fowler",65
"May_Marie_P._Talandron",5
"Mayank_Kulkarni",1
"Mayya_Sharipova",38
"Megan_H._Frankosky",1
"Megan_Wiedbusch",1
"Megumi_Kurayama",24
"Mehak_Maniktala",3
"Mehrdad_Mirzaei",9
"Melinda_Gervasio",80
"Melissa_Bradley",2
"Mengping_Lv",110
"Mengxi_Zhou",101
"Miaomiao_Wen",2
"Michael_Brady",1
"Michael_Brigham",53
"Michael_C._Mozer",1
"Michael_Eagle",1
"Michael_Geden",1
"Michael_Hilton",2
"Michael_J._Ford",18
"Michael_J._Jacobson",58
"Michael_Karabinos",2
"Michael_Kickmeier_Rust",10
"Michael_Lipschultz",18
"Michael_Madaio",5
"Michael_Mogessie",2
"Michael_Rehm",137
"Michael_Sandbothe",2
"Michael_Sao_Pedro",53
"Michael_Schiano",3
"Michael_Tan",33
"Michael_Timms",107
"Michael_von_Aster",57
"Michael_WiÃŸner",26
"Michael_Winters",3
"Michael_Wixon",4
"Michael_Yudelson",2
"Michal_Huptych",63
"Michal_Moskal",1
"Michel_Desmarais",39
"Michele_Fioravera",75
"Michelle_Banawan",5
"Michelle_Taub",1
"Miguel_A._Rubio",184
"Miguel_Andres_Bray",2
"Miguel_Arevalillo_HerraÌ.ez",43
"Miguel_GarciÌ.a_Iruela",97
"Mihaela_Cocea",142
"Mihai_DascaÌ.lu",42
"Mihai_Dascalu",3
"Mihai_Masala",3
"Mikel_LarranÌƒaga",61
"Miklos_Maroti",1
"Milos_Kravcik",62
"Milton_Rosenberg",20
"Min_Chi",3
"Ming_Liu",12
"Minghui_Tai",4
"Mingyu_Feng",73
"Minji_Kwak",49
"Minkyung_Kim",3
"Miranda_Zahn",11
"Miruna_Cristus",111
"Mitsuhiro_Goto",90
"Mitsuru_Ikeda",6
"Moffat_Mathews",7
"Mohamed_Alkaoud",11
"Mohamed_Raouf_Seyam",40
"Mohammad_Alotaibi",10
"Mohammad_Alshehri",22
"Mohammad_Javad_Mahzoon",15
"Mohammad_M._Khajah",1
"Mohammed_A._Almiyad",7
"Mohammed_Khalidi_Idrissi",139
"Mohit_Agrawal",92
"Mohsen_Dorodchi",15
"Mona_Emara",1
"Mononito_Goswami",19
"Montse_Maritxalar",61
"Mun_Y._Yi",49
"Mung_Chiang",37
"Mustafa_Hajeer",1
"Mutlu_Cukurova",2
"Myles_Davaris",14
"Myroslava_O._Dzikovska",66
"Myse_Elmadani",7
"Nabeela_Altrabsheh",142
"Nabin_Maharjan",27
"Nacir_Bouali",157
"Nada_Basit",4
"Nadia_Najjar",15
"Namrata_Srivastava",14
"Nan_Li",2
"Nana_Kanzaki",44
"Nancy_L._Green",178
"Naomi_Prusak",3
"Naomi_Wixon",4
"Naoto_Akiyama",90
"Naoya_Inoue",69
"Napol_Rachatasumrit",2
"Nasheen_Nur",15
"Natali_Morad",53
"Natalie_B._Steinhauser",66
"Natalie_D._Kerby",1
"Natalie_Parde",52
"Natalie_Wall",5
"Nathalie_Guin",19
"Nathalie_Japkowicz",125
"Nathan_C._Hall",16
"Nathan_Hanegbi",14
"Nathan_Henderson",1
"Nathaniel_Blanchard",1
"Neil_Heffernan",1
"Neil_Rubens",23
"Neil_Zimmerman",1
"Nese_Alyuz",64
"Nesra_Yannier",2
"Nguyen_Duc_Thien",23
"Nguyen_Thinh_Le",9
"Nia_Dowell",50
"Nichola_Lubold",5
"Nicholas_Diana",1
"Nicholas_Lytle",3
"Nicholas_R._Stepanek",153
"Nicholas_V._Mudrick",1
"Nicholas_Vretos",45
"Nick_Green",9
"Nickolas_Falkner",141
"Nicole_Hutchins",1
"Nicoletta_Di_Blas",25
"Nidhi_Saraswat",92
"Niels_Pinkwart",9
"Nigel_Beacham",99
"Nigel_Bosch",1
"Niki_Papaionnou",1
"Nikki_G._Lobczowski",2
"Nikki_Yee",28
"Nikol_Rummel",2
"Ning_Ma",2
"Ningyu_Zhang",1
"Nirmal_Mukhi",8
"Nobal_Niraula",27
"Noboru_Matsuda",5
"Noseong_Park",15
"Nour_Eddine_El_Faddouli",159
"Octav_Popescu",2
"Olga_C._Santos",43
"Oliver_Ferschke",2
"Olivier_Dehaene",128
"Olivier_Galy",12
"Oluwabukola_Mayowa_.Ishola._Idowu",38
"Oluwabukola_Mayowa_Ishola",38
"Oluwabunmi_Adewoyin",6
"Omar_AlZoubi",9
"Omar_Eltayeby",15
"Oriel_Uzan",3
"Osama_Swidan",3
"Oscar_TaÌ.ckstroÌ.m",111
"Owen_Mcleod",31
"Pallav_Agarwal",91
"Pamela_Jordan",18
"Paolo_Cremonesi",106
"Paolo_Paolini",25
"Parv_Mor",91
"Pascal_Estraillier",100
"Pat_Inglese",1
"Patorn_Piromchai",14
"Patricia_Albacete",18
"Patricia_FernaÌ.ndez",5
"Patricia_Wallace",70
"Patrick_Donnelly",1
"Patrick_Gebhard",26
"Patrick_Watson",8
"Paul_Drijvers",42
"Paul_Gagnon",8
"Paul_Reisert",69
"Paul_S._Brown",7
"Paul_Salvador_Inventado",51
"Paula_Buttery",78
"Paula_M._Paiva",2
"Paulo_Blikstein",36
"Paulo_F._Carvalho",2
"Pedro_Furtado",24
"Pedro_J._MunÌƒoz_Merino",133
"Pedro_Mota",68
"Pedro_Nascimento",6
"Penghe_Chen",6
"Perry_Samson",146
"Peter_Brusilovsky",9
"Peter_Foltz",8
"Peter_Hastings",70
"Peter_Kim",60
"Petr_BorosÌŒ",54
"Petros_Daras",45
"Phil_Jimmieson",29
"Philip_I._Pavlik",1
"Philip_I._PavlikJr.",1
"Philip_Sheridan_Buffum",1
"Philippe_Dessus",3
"Philippe_Vidal",10
"Phillip_Pavlik",1
"Phuong_Pham",143
"Pierre_Dillenbourg",10
"Pierre_Yves_Gicquel",126
"Pilar_QuiroÌ.s",43
"Pokpong_Songmuang",23
"Prajwal_Paudyal",83
"Pravin_Chopade",17
"Purushottam_Kar",124
"Qi_Xu",6
"Qinggang_Meng",6
"Qinyu_Cheng",1
"Qiong_Yu",1
"Qiushi_Xu",104
"R._Charles_Murray",2
"R._Stan_Hum",1
"Rachel_Dickler",53
"Rachel_Harred",3
"Rachel_Harsley",9
"Rachel_Thorp",11
"Radek_PelaÌ.nek",54
"Radhika_Kedia",2
"Rafael_Cabredo",51
"Rafael_Ferreira",30
"Rahul_Savani",29
"Rahul_Singhal",131
"Raja_Lala",42
"Raja_M._Suleman",6
"Rajendra_Banjade",27
"Rajiv_Maheswaran",48
"Ralph_Edezhath",9
"Randy_Jensen",74
"Ranilson_Paiva",6
"Raquel_HijoÌ.n_Neira",97
"RauÌ.l_Cabestrero",43
"Ravi_Kokku",33
"Ravi_Tejwani",8
"Rebecca_Kantar",3
"Red_Mendoza",8
"ReÌ.mi_Venant",10
"Renah_Razzaq",1
"Renu_Balyan",3
"Renuka_Sindhgatta",8
"Renzhe_Yu",50
"Reuth_Dekel",3
"Reva_Freedman",125
"Reza_Feyzi_Behnagh",1
"Rhouma_Naceur",39
"Ricardo_Conejo",84
"Richard_Mayer",2
"Richard_Scruggs",2
"Richard_Wainess",3
"Riichiro_Mizoguchi",6
"Rishabh_Chatterjee",5
"Rishabh_Chaudhry",5
"Rob_Rubin",17
"Robert_Bates",56
"Robert_Belfer",34
"Robert_Bixler",1
"Robert_Briggs",14
"Robert_E._Wray",115
"Robert_Florian_Samoilescu",3
"Robert_G._M._Hausmann",2
"Robert_Mihai_Botarleanu",3
"Robert_Sawyer",1
"Robert_Sottilare",1
"Roberto_De_Roock",5
"Roberto_Legaspi",51
"Roberto_Martinez_Maldonado",12
"Roberto_Turrin",106
"Rod_Roscoe",3
"Rodney_Nielsen",52
"Rodrigo_Santos",6
"Roger_Azevedo",1
"Roger_Nkambou",81
"Rohan_Ahuja",46
"Rohit_Kumar",48
"Ronald_M._Baecker",31
"Ronald_S._Landis",1
"Ronan_Champagnat",100
"Rong_Liu",33
"Rosemary_Luckin",2
"Rosta_Farzan",2
"Roya_Hosseini",9
"Rui_Zhi",3
"Ruitao_Liu",1
"Rupak_Majumdar",89
"Rurik_Tywoniw",1
"Ruslan_Salakhutdinov",2
"Russell_Moore",78
"Ruth_Aylett",10
"Ruth_Wylie",5
"Ryan_Baker",1
"Ryan_Carlson",3
"Ryan_Schwiebert",2
"Ryan_Shaun_Baker",2
"Ryuichi_Nakaike",44
"S._Tugba_Tokel",20
"Saad_M_Khan",17
"Sabine_Graf",94
"Sabine_Hauert",112
"Sacha_DeVelle",107
"Sachin_Grover",4
"Sadia_Nawaz",14
"Sahil_Hasan",2
"Saksham_Sharma",91
"Sally_P._W._Wu",11
"Salman_Cheema",4
"Samad_Kardan",28
"Saman_Zehra_Rizvi",134
"Samantha_Finkelstein",5
"Samantha_Stranc",4
"Sameena_Hossain",83
"Samiha_Marwan",3
"Samir_Bennani",139
"Samuel_D._Meyer",11
"Samuel_Lau",11
"Samuel_Leeman_Munk",1
"Samuele_Passalacqua",71
"Sanaz_Fallahkhair",142
"Sandeep_K._S._Gupta",83
"Sander_J._J._Leemans",47
"Sandra_Katz",18
"Sang_goo_Lee",130
"Sara_Tahir",46
"Sarah_Dehne",66
"Sarah_Fialko",5
"Sarah_Karamarkovich",3
"Sarah_Perez",28
"Sarah_Schultz",4
"Sarah_Snyder",27
"Sasa_Sopka",59
"Satabdi_Basu",1
"Satoshi_Kurihara",51
"Satya_Nitta",33
"Scott_A._Crossley",1
"Scott_Bateman",38
"Scott_E._Hudson",2
"Scott_H._Fraundorf",2
"Scott_R._Hinze",3
"Scott_Silliman",18
"Scotty_D._Craig",1
"Sean_Goltz",144
"Sean_Kelly",1
"Sebastian_Gross",9
"Sebastien_Boyer",161
"Seewoo_Lee",32
"SeÌ.bastien_George",39
"SeÌ.bastien_LalleÌ.",1
"SeÌ.bastien_LouvigneÌ.",23
"Seiji_Isotani",2
"Seokmin_Kang",4
"Seoyon_Park",32
"Serge_LeÌ.ger",135
"Serge_Robert",81
"Sergey_Sosnovsky",62
"Sergio_GutieÌ.rrez_Santos",2
"Sergio_Gutierrez_Santos",2
"Sergio_Rabellino",75
"Sergio_Salmeron_Majadas",43
"Seth_Akonor_Adjei",1
"Seung_Lee",1
"Shadi_Esnaashari",137
"Shaghayegh_Sahebi",9
"Shaikhah_Alotaibi",6
"Shaked_Hindi",3
"Shamya_Karumbaiah",1
"Shang_Wang",5
"Shannon_Monahan",60
"Sharad_Sundararajan",8
"Shaveen_Singh",186
"Shayan_Doroudi",173
"Shaymaa_E._Sorour",132
"Shazia_Afzal",8
"Shazia_Sadiq",47
"Shelby_Smith",1
"Shengquan_Yu",6
"Sherry_Sin",33
"Shi_Feng",1
"Shi_Pu",2
"Shimei_Pan",46
"Shimin_Kai",2
"Shiping_Chen",41
"Shirish_Shevade",136
"Shitanshu_Mishra",1
"Shitian_Shen",3
"Shiting_Xu",13
"Shiva_Shabaninejad",47
"Shiven_Mian",19
"Shoma_Okamoto",44
"Shoujing_Li",4
"Shuai_Wang",73
"Shubham_Goyal",131
"Shuchi_Grover",1
"Shuhan_Wang",93
"Shuo_Zhou",145
"Shuyang_Zhong",110
"SÌ.tefan_RusÌ.etÌ.i",42
"SÌ.tefan_Trausan_Matu",3
"Siddharth_Reddy_Kandimalla",2
"Sidney_D.Mello",1
"Sidney_Dâ..Mello",1
"Sietske_Tacoma",42
"Simon_Buckingham_Shum",12
"Simon_Hughes",70
"Simon_Knight",12
"Simon_Stacey",46
"Sinem_Aslan",64
"Siyao_Li",82
"Smit_Marvaniya",8
"Smriti_Pathak",8
"Sneha_Mondal",8
"Sofya_Zeylikman",40
"Sohail_Alhazmi",116
"Sokratis_Karkalas",2
"Solmaz_Abdi",47
"Songfan_Yang",13
"Sonia_D._Doshi",3
"Sowmya_Ramachandran",74
"Spencer_Rugaber",56
"Spencer_Swartz",17
"Sree_Aurovindh_Viswanathan",4
"Sreecharan_Sankaranarayanan",2
"Srijith_Prabhu",8
"Stanislas_Dehaene",128
"Stefan_Ruseti",3
"Stefano_Falletta",25
"Stefano_Pio_Zingaro",108
"Stella_Casola",25
"Stephanie_Barbee",52
"Stephanie_Frost",38
"Stephanie_Peters",1
"Stephen_B._Blessing",118
"Stephen_E._Fancsali",2
"Stephen_Hutt",1
"Stephen_Oâ..Leary",14
"Stephen_Swift",79
"Stephen_Tsourounis",31
"Steve_Counsell",79
"Steven_Gaudino",1
"Steven_Moore",2
"Steven_Ritter",2
"Stuart_Hallifax",39
"Stylianos_Asteriadis",45
"Su_Fang_Lim",82
"Sudanthi_Wijewickrema",14
"Suellen_Dragon",4
"Suely_Oliveira",119
"Sujith_M._Gowda",1
"Sumit_Gulwani",89
"Sungeun_An",56
"SungJin_Nam",146
"Supratik_Mukhopadhyay",89
"Susan_Bull",10
"Susan_Foutz",20
"Susan_Goldman",1
"Susanne_Lajoie",16
"Sushmita_Azad",65
"Sven_Manske",72
"Swarnadeep_Saha",8
"Sweety_Agrawal",164
"Sylvain_Castagnos",35
"Sylvie_Girard",4
"Sylvio_RuÌ.dian",9
"Takahito_Tomoto",24
"Takashi_Ozeki",129
"Takatoshi_Ishii",23
"Takehito_Utsuro",5
"Takeshi_Kohama",129
"Tamara_Power",12
"Tamara_van_Gog",2
"Tamer_Abuelsaad",8
"Tamera_L._McKinniss",1
"Tanja_KaÌ.ser",57
"Tanmay_Sinha",5
"Tara_A._Schmidt",11
"Tara_Tressel",16
"Tatsuya_Ishino",90
"Taylor_Martin",3
"Taylyn_Hulse",4
"Tazin_Afrin",18
"Tej_Samani",2
"Tejas_I._Dhamecha",8
"Tengfei_Ma",8
"Tenzin_Doleck",16
"Teomara_Rutherford",3
"Teresa_Chambel",97
"Tetsuhiro_Masuda",24
"Thanaporn_Patikorn",1
"The_UnLocke_Project_Team",2
"Thomas_Haines",74
"Thomas_L._Griffiths",3
"Thomas_Large",36
"Thomas_W._Price",3
"Thor_Collin_S._Andallaza",5
"Thushari_Atapattu",141
"Tiaoqiao_Liu",13
"Tiffany_Barnes",3
"Tim_Steuer",88
"Timofey_Bryksin",120
"Timotej_Lazar",103
"Timothy_Bickmore",145
"Timothy_Bretl",65
"Timothy_Mwiti",36
"Tina_Papathoma",63
"Ting_Wen_Chang",94
"Tingru_Cui",41
"Tobias_Baur",26
"Tobias_Hecking",72
"Toby_Dragon",4
"Tom_Murray",4
"Tom_Titchener",1
"TomaÌ.sÌŒ_Effenberger",54
"Tomoko_Kojiri",67
"Tomoya_Horiguchi",24
"Tomoya_Shinohara",24
"Toshihiro_Nomura",24
"Traian_Rebedea",3
"Travis_Dezendorf",1
"Tricia_A._Guerrero",3
"Tristan_Nixon",2
"Tsukasa_Hirashima",24
"Tsunenori_Mine",132
"Turner_Bohlen",2
"Tyler_Derr",13
"Uma_Narayanan",92
"Umair_Z._Ahmed",124
"Ursula_Schwantner",107
"Utku_Genc",64
"V._Elizabeth_Owen",3
"Valentino_Pacifici",111
"Valerie_Shute",1
"Van_Minh_Pho",114
"Vanda_Luengo",19
"Vandana_Naik",166
"Vanessa_Echeverria",12
"Vania_Dimitrova",7
"Varun_Gupta",34
"Varun_Mandalapu",86
"Vasile_Rus",27
"Vasiliki_Georgoulas",1
"Venkatesh_Kamat",166
"Veronica_Cucuiat",185
"Victor_Girotto",4
"Victor_Kostyuk",1
"Vincent_Aleven",2
"Vinitra_Swamy",11
"Violetta_Cavalli_Sforza",157
"Vishnu_Priya_Chandra_Sekar",5
"Vitomir_KovanovicÌ.",30
"Vitor_Bremgartner",113
"Vitor_Rolim",30
"Wafa_Johal",10
"Wai_Keung_David_Cheung",187
"Wanita_Sherchan",33
"Wansel_Lemos",6
"Warunya_Wunnasri",24
"Wayne_Holmes",2
"Wei_Cui",73
"Wei_Ma",1
"Weihao_Yu",55
"Weiping_Fu",13
"Weiyu_Chen",37
"Wenbiao_Ding",13
"Wenfei_Yan",50
"Wenge_Rong",76
"Wenwen_Dou",15
"Wenxin_Wang",13
"Will_Byrne",10
"William_Swartout",1
"William_W._Cohen",2
"William_Yao",40
"Wilton_Wu",11
"Wim_Westera",3
"Winslow_Burleson",4
"Wolmet_Barendregt",10
"Wookhee_Min",1
"Xi_Niu",15
"Xi_Yang",6
"Xia_Cui",29
"Xia_Wang",62
"Xiang_Xiao",143
"Xiangen_Hu",1
"Xiaojin_Zhu",11
"Xiaojun_Qi",101
"Xiaolu_Xiong",4
"Xiaoqin_Feng",13
"Xiaotian_Zou",1
"Xiaoxi_Xu",4
"Xiaoyi_Sun",1
"Xiaoyi_Tian",5
"Xingjun_Ma",14
"Xingliang_Chen",7
"Xinying_Hou",2
"Xiwen_Lu",1
"Xiyang_Chen",6
"Xu_Wang",2
"Yaâ..akov_.Kobi._Gal",3
"Yaar_Shalom",3
"Yan_Peng",6
"Yancy_Vance_Paredes",5
"Yang_Jiang",1
"Yang_Pian",6
"Yanghee_Kim",101
"Yanjin_Long",2
"Yannick_Bourrier",19
"Yecheng_Gu",62
"Yelee_Jo",149
"Yeyu_Wang",2
"Yi_Dong",1
"Yi_Kuang",110
"Yi_Min_Chee",33
"Yi_Ting_Huang",19
"Yigal_Attali",180
"Yigal_Rosen",17
"Yihuan_Dong",3
"Ying_Fang",1
"Yiwen_Lin",50
"Yoalli_Hidalgo_Pontet",4
"Yoav_Bergner",5
"Yong_Dich",40
"Yong_Tang",55
"Yoon_Jeon_Kim",8
"Yoshihiro_Kato",23
"Yoshimitsu_Miyasawa",23
"Yoshimitsu_Miyazawa",23
"Yoshua_Bengio",34
"Yossi_Ben_David",3
"Youngduck_Choi",32
"Youngnam_Lee",32
"Youssef_Tazouti",35
"Yu_Han_Chang",48
"Yu_Lu",6
"Yuan_Wang",2
"Yuandong_Tian",2
"Yuanxin_Ouyang",76
"Yuchen_Li",104
"Yuchi_Huang",2
"Yue_Gong",4
"Yuki_Hayashi",67
"Yulin_Liu",3
"Yun_Huang",2
"Yun_Tang",1
"Yun_Zhou",14
"Yuqi_Huang",6
"Yuqing_Guo",2
"Yusuke_Hayashi",24
"Yusuke_Nogami",67
"Yutao_Wang",4
"Yuto_Uchida",23
"Yuwei_Huang",6
"Zac_Yu",2
"Zachary_Aman",2
"Zachary_Pardos",11
"Zachary_T._Chung",5
"Zahra_Rahimi",151
"Zdenek_Zdrahal",63
"Zetao_Zheng",55
"Zeyad_Alshaikh",27
"Zhang_Xiong",76
"Zhen_Bai",5
"Zhen_Wang",14
"Zhenjun_Ma",1
"Zhiqi_Shen",82
"Zhiqiang_Cai",1
"Zhiwei_Wang",13
"Zhongxiu_Liu",3
"Zhongxiu_Peddycord_Liu",3
"Zhou_Long",1
"Zihuiwen_Ye",2
"Zijun_Zhuang",6
"Zitao_Liu",13
"Ziyang_Yu",1
"Zoe_Peterson",1
"Zoran_PopovicÌ.",102
