,x
Pardo__A.,66640.8943
Ochoa__X.,63456.239
Shum__S.B.,58578.20343
Baker__R.S.,57841.97754
Dawson__S.,57330.78512
Crossley__S.,48189.35583
Ferguson__R.,38495.51435
Mills__C.,37042.78333
Siemens__G.,35422.53542
D.Mello__S.K.,29625
Ogata__H.,29021.92087
Zhang__Y.,24501.80725
Wang__Y.,23269.25749
Ga≈.eviƒ.__D.,22821.31227
Kitto__K.,22475.62028
Stamper__J.,22241.5175
Knight__S.,20718.38401
Hu__X.,19803.5
Brooks__C.,19761.08441
Drachsler__H.,19053.7814
Ga≈.evic__D.,18492.52302
Verbert__K.,17647.81146
Martinez.Maldonado__R.,17409.31089
Paquette__L.,17023.56704
Davis__D.,16364.56003
Baker__R.,15854.68644
Chen__G.,15529.17863
Lang__C.,15168.23843
Gillet__D.,14765.09973
Zhang__J.,14425.09538
Mavrikis__M.,14155.5
Ambrose__G.A.,13215.25
Teasley__S.,12739.59026
Eagle__M.,12350
Buckingham_Shum__S.,11355.05192
Dillenbourg__P.,11241.72041
Bakharia__A.,11100.7082
Lynch__G.,10998.55153
Essa__A.,10992.69904
Liu__R.,10623.49135
Zdrahal__Z.,10562.79799
Cukurova__M.,10068
Spikol__D.,10068
Molenaar__I.,9733.5676
Chen__B.,9535.097894
Kay__J.,9394.102347
Hatala__M.,9211.083335
Kovanoviƒ.__V.,9013.761934
Teasley__S.D.,8394.027328
Mcnamara__D.S.,8303.576968
Wise__A.F.,7359.620726
Jovanovic__J.,7226.003929
Scheffel__M.,7218.931631
Baker__R.S.J.D.,7116
Gasevic__D.,7112.695414
Aleven__V.,7107
Bergner__Y.,6791.141866
Heffernan__N.T.,6722.192204
Cross__S.,6720.42614
Berg__A.,6426.767447
Lonn__S.,6392.527757
Barnes__T.,6230.2
Aghababyan__A.,6223
Azevedo__R.,6119.235257
Prieto__L.P.,6017.333097
Greer__J.,5780.693005
Jovanoviƒ.__J.,5660.744702
Hoppe__H.U.,5321.416667
Arnold__K.E.,5243.281381
Sclater__N.,5211.846339
Jivet__I.,5094.39337
Giannakos__M.N.,5064.386169
Poquet__O.,5034.492265
Boroujeni__M.S.,5008.053654
Lewkow__N.,4832.423984
Corrin__L.,4764.934675
Rodr√.guez.Triana__M.J.,4764.07221
Zhao__Y.,4586.631768
Wolff__A.,4580.054455
Reich__J.,4459
Aguiar__E.,4455.25
Chawla__N.V.,4455.25
Shibani__A.,4455
Hecking__T.,4439.083333
Charleer__S.,4359.572657
Mangaroska__K.,4321.430518
Gibson__A.,4276.203426
Merceron__A.,4098.661623
Kennedy__G.,4058.88131
Dowell__N.,3998.881348
Khosravi__H.,3993.854787
Ga≈.ev√.c__D.,3834.498632
Whitelock__D.,3790.957763
Lodge__J.M.,3630.595872
Klerkx__J.,3604.831025
Pammer.Schindler__V.,3568
Poulovassilis__A.,3568
Papamitsiou__Z.,3412.487439
Holman__C.,3356.690472
Bailey__J.,3199.540183
Ros√.__C.P.,3163.195943
Duval__E.,3097.465311
McNamara__D.,3090.766419
Chen__W.,3016.354407
Hoel__T.,3016.354407
Molinaro__M.,2990.457509
Macfadyen__L.P.,2960.819405
Schneider__B.,2841.616705
Ruip√.rez.Valiente__J.A.,2825.182815
Kismih√≥k__G.,2744.121292
Chiu__M.M.,2681
Pardos__Z.A.,2681
Aguerrebere__C.,2679
Dimitriadis__Y.,2679
Koedinger__K.R.,2679
McLaren__B.M.,2679
Staubitz__T.,2679
Lei__C..U.,2676
Hou__X.,2661
Prinsloo__P.,2528.296464
Slade__S.,2528.296464
Heffernan__N.,2411.798693
Rienties__B.,2352.980974
McNamara__D.S.,2249.672265
Yacef__K.,2118.808109
Law__N.,2081.571355
Kovanovic__V.,2081.286897
Aguilar__S.J.,2047.884727
Mirriahi__N.,2035.562697
Tsai__Y..S.,2023.831566
Dascalu__M.,1927.939647
Bull__S.,1871.444014
Economides__A.A.,1865.851404
Mckay__T.,1865.130154
Allen__L.K.,1861.191378
Biswas__G.,1810.666667
Hauff__C.,1805.97717
Khalil__M.,1788
Kizilcec__R.F.,1788
Koedinger__K.,1788
Lang__D.,1788
Vytasek__J.M.,1788
Williams__J.J.,1788
Xing__W.,1788
Bienkowski__M.,1782
Grover__S.,1782
Olney__A.M.,1718
Mello__R.F.,1716.217663
Moore__J.,1701.988444
Lupton__M.,1697.721397
Wolpers__M.,1692.789962
Lee__J.,1643.73788
Milligan__S.,1641.875674
Joksimoviƒ.__S.,1587.68968
Ding__M.,1479.825012
Chu__S.K.W.,1306.5
Tritz__J.,1288.583591
Suthers__D.,1282.461565
J√.rvel√.__S.,1225.165883
Whitelock.Wainwright__A.,1205.24989
Groth__D.,1186.666667
Rehrey__G.,1186.666667
Shepard__L.,1186.666667
Clow__D.,1144.69294
Tammets__K.,1113.121236
Yeung__D..Y.,1089.850701
Reimann__P.,1038.218995
Cooper__A.,1025.398089
Kickmeier.Rust__M.,992.1197301
Sinclair__J.,980.788382
Pinkwart__N.,963.5498026
Dietze__S.,952.8226592
G√.hnert__T.,902.4166667
Burns__S.,895
Chounta__I..A.,895
D.Aquin__M.,895
Li__H.,895
Nam__S.,895
Rummel__N.,895
Sharkey__M.,895
Zhu__M.,895
Koh__E.,893
Tan__J.P..L.,893
Hicks__D.,886
Feild__J.,885.8497314
Pea__R.,872.3720861
Calvo__R.A.,863.6312946
Ginon__B.,755.4395518
Sharma__K.,728.3177207
Hlosta__M.,723.8475915
Specht__M.,630.0278144
Wang__X.,622.1658112
Duckworth__A.L.,594.6666667
Gardener__M.,594.6666667
Hutt__S.,594.6666667
Waters__Z.,593.6936719
S√.ndor__√..,536.7190775
Niemann__K.,508.4966922
Colvin__C.,495.5737657
Rogers__T.,495.5737657
De_Laet__T.,489.9310861
S√.ndor__A.,480.1937319
Matcha__W.,463.9194358
Slater__S.,446.19501
Chiluiza__K.,423.6603446
Heffernan__C.,401.0064262
Macfadyen__L.,396.0675253
Toetenel__L.,385.0944734
Joksimovic__S.,359.1521684
Stoitsis__G.,357.6094563
Worsley__M.,348.894873
De_Laat__M.,345.306677
Almeda__Ma.V.,339.6560526
Blikstein__P.,328.2264981
Boroowa__A.,297.1163828
Herodotou__C.,297.1163828
Kuzilek__J.,283.5214526
Huptych__M.,274.197144
Thompson__C.,274.0420956
De_Barba__P.,272.6716415
Giannakos__M.,263.3480714
Echeverria__V.,260.3429622
Aguilar__S.,253.8728783
Jacovina__M.E.,249.5247117
Choi__H.,229.6816972
De_Liddo__A.,222.9577634
Van_Inwegen__E.G.,219.2423456
Brown__M.G.,219.0854461
Brooks__C.A.,183.8345453
Fortenbacher__A.,183.2279418
Snow__E.L.,174.7758649
Ocumpaugh__J.,152.333898
Gardner__J.,150.0647619
Fudge__A.,148.3572447
Taub__M.,148.2254634
Schulte__J.,133.1151289
Olsen__J.K.,122.2953028
Cavalcanti__A.P.,96.88420813
Govaerts__S.,95.13008071
Pistilli__M.D.,89.83638675
Uzir__N.A.,83.62103962
Allen__L.,82.58222306
Santos__J.L.,80.51212569
Agnihotri__L.,59.40801629
Hickey__D.T.,46.5
Uzir__N.A.A.,46.03055486
Quick__J.,45
Hemberg__E.,40.26288547
O.Reilly__U..M.,40.26288547
Hsiao__I..H.,31
Ley__T.,27
Luengo__V.,27
Bosch__N.,22.66666667
Munshi__A.,22.66666667
Beheshitha__S.S.,22.30208534
Farrow__E.,22.30208534
Sher__V.,22.30208534
Ternier__S.,20.93225698
Kumar__V.,20
Mojarad__S.,18.48202614
Graf__S.,18
Houben__G..J.,17.97716973
Quigley__D.,17
Douzal.Chouakria__A.,16
Malinowski__S.,16
De_Weerdt__J.,15
Hu__Y.,15
Romero__C.,15
Perret__C.,14.66666667
Segal__A.,14
Tissenbaum__M.,14
Yang__C.,13.5
Sergio__G..S.,12.5
Shaffer__D.W.,11.33333333
Lester__J.C.,10
Chen__Y.,9
Klamma__R.,9
Gross__M.,8
K√.ser__T.,8
Shimada__A.,7
Herder__E.,6.917947233
Taibi__D.,6.917947233
Eagan__B.,6.666666667
Fougt__S.S.,6
Misfeldt__M.,6
Mouri__K.,5.5
Cerezo__R.,5
Rangwala__H.,5
S√.nchez.Santill√.n__M.,5
Johnson__M.,4.583333333
Ziebarth__S.,4.333333333
Boyer__K.E.,4
Ezen.Can__A.,4
Kloos__C.D.,4
Pel√.nek__R.,4
Schulte__O.,4
Whitmer__J.,4
Casanova__M.A.,3
Holstein__K.,3
Jayaprakash__S.M.,3
Laur√.a__E.J.M.,3
Motz__B.,3
Nunes__B.P.,3
Seitlinger__P.,3
Botelho__A.F.,2.666666667
Flanagan__B.,2.666666667
Okubo__F.,2.666666667
Pappalardo__L.,2.333333333
Fishman__B.,2
Hershkovitz__A.,2
Jo__I..H.,2
Karypis__G.,2
Munguia__P.,2
Park__J.,2
Rodriguez__F.,2
Tan__S.C.,2
Warschauer__M.,2
Nguyen__Q.,1.875
Ellis__R.A.,1.866666667
Peffer__M.,1.5
Taniguchi__Y.,1.333333333
Depaepe__F.,1
Larmuseau__C.,1
Pellungrini__R.,1
Van_Haaren__J.,1
Xu__Z.,1
Ulrich_Hoppe__H.,0.75
Chatti__M.A.,0.666666667
Chen__M..R.A.,0.666666667
Muslim__A.,0.666666667
Schroeder__U.,0.666666667
Varatharaj__A.,0.666666667
Carlsson__N.,0.5
Cui__Y.,0.5
Lambrix__P.,0.5
Li__F.,0.5
Shen__X.,0.5
Sumner__T.,0.5
Ebner__M.,0.333333333
Guidotti__R.,0.333333333
Monreale__A.,0.333333333
Saranti__A.,0.333333333
Taraghi__B.,0.333333333
Vatrapu__R.,0.333333333
Goodrich__V.,0.25
Akintunde__R.O.,0.2
Lynch__C.,0.2
Rutherford__T.,0.2
Shabrina__P.,0.2
Simsek__D.,0.2
√.berg__G.,0
≈.evarac__Z.,0
≈.ourek__G.,0
≈.elezn√.__F.,0
Aalbers__B.,0
Abdalla__A.,0
Abdi__S.,0
Abdiprano__A.,0
Absar__R.,0
Abu.El.Haija__S.,0
Addison__K.L.,0
Adjei__S.,0
Adjei__S.A.,0
Admiraal__W.,0
Agrawal__S.,0
Aguirre__C.,0
Ahmadi__Z.,0
Ahn__J.,0
Aitken__A.,0
Ak√.apinar__G.,0
Alabi__H.,0
Alavi__H.S.,0
Albert__D.,0
Alberto__R.,0
Alex_Ambrose__G.,0
Alexander,0
Alexander__S.,0
Alexandron__G.,0
Alhadad__S.S.J.,0
Aljohani__N.R.,0
Allard__T.,0
Allen__G.,0
Allsopp__B.B.,0
Alonso__G.E.,0
Alterman__R.,0
Alvarez__C.P.,0
Alyuz__N.,0
Ambrosino__F.,0
Amon__M.J.,0
Amsaleg__L.,0
Anagnostou__I.,0
Anderson__T.,0
Andrade.Pacheco__R.,0
Andrade__A.,0
Andres__J.M.A.L.,0
Andres__J.M.L.,0
Anggara__T.,0
Ansari__M.,0
Aoshima__T.,0
Arbanowski__S.,0
Arcuria__P.,0
Arora__P.,0
Asano__Y.,0
Asbell.Clarke__J.,0
Asensio.P√.rez__J.I.,0
Asif__R.,0
Aslan__S.,0
Atapattu__T.,0
Auer__S.,0
Avena__J.,0
Avila__C.,0
Avramides__K.,0
Awasthi__P.,0
Axisa__C.,0
Azcona__D.,0
B√.rner__D.,0
Baars__M.,0
Babik__D.,0
Baek__C.,0
Baer__L.L.,0
Baesens__B.,0
Bagheri__M.,0
Bailly__A.,0
Baker__S.,0
Bakker__A.,0
Balacheff__N.,0
Baldiris__S.,0
Baltes__J.,0
Banks__J.,0
Bannert__M.,0
Barbosa__G.,0
Barmaki__R.,0
Baron__J.D.,0
Barreiros__C.,0
Bass__R.,0
Basu__S.,0
Beal__C.R.,0
Beck__J.,0
Beck__J.B.,0
Behrens__J.T.,0
Bektik__D.,0
Belacel__N.,0
Bell__E.R.,0
Belonogoff__M.,0
Benedetto__L.,0
Benjamin_Shapiro__R.,0
Benkhelif__T.,0
Bennett__C.,0
Berland__M.,0
Berman__S.R.,0
Bhanpuri__N.,0
Bhat__S.,0
Bibi__A.,0
Bier__N.L.,0
Billard__L.,0
Bioglio__L.,0
Birol__G.,0
Bishop__M.J.,0
Blaine__E.,0
Blanchard__N.,0
Blanke__T.,0
Bodily__R.,0
Boer__D.,0
Bogar√.n__A.,0
Bogdanova__D.,0
Bohuslavek__M.,0
Bondu__A.,0
Bono__M.,0
Bontempi__G.,0
Booth__S.,0
Bore__N.,0
Bos__N.,0
Boscolo__C.,0
Bote.Lorenzo__M.L.,0
Bouadi__T.,0
Bouchet__F.,0
Bouhineau__D.,0
Boull√.__M.,0
Bouslimani__Y.,0
Bowe__M.,0
Bowers__A.,0
Bowers__A.J.,0
Boyer__A.,0
Bracco__G.,0
Bradbury__A.E.,0
Bradford__A.,0
Bransen__L.,0
Braun__S.,0
Brennan__A.,0
Briggs__C.,0
Brinkhuis__M.J.S.,0
Brockman__J.,0
Brodnick__R.,0
Brohinsky__J.,0
Broos__T.,0
Brown__T.,0
Brunskill__E.,0
Brusman__L.,0
Bruza__P.,0
Bryan__A.,0
Bryant__M.,0
Budhathoki__K.,0
Bumbalough__M.,0
Bushway__D.,0
Butail__S.,0
Cabot__V.,0
Caelen__O.,0
Camelo__R.,0
Camilleri__V.,0
Campbell__A.,0
Campen__C.K..V.,0
Cappelli__A.,0
Carlos_N√∫√.ez__J.,0
Carnell__S.,0
Carvalho__P.,0
Carvalho__P.F.,0
Casas__A.P.,0
Castells__J.,0
Cater__E.,0
Catete__V.,0
Cattuto__C.,0
Cech√.k__J.,0
Cechinel__C.,0
Celis__S.,0
Cemgil__A.T.,0
Chang__K..M.,0
Chang__W..C.,0
Chapel__L.,0
Chapman__J.,0
Chapman__S.,0
Charles__C.,0
Chaturvedi__S.,0
Chauhan__P.,0
Chavan__P.,0
Chavez__O.,0
Chen__L.,0
Chen__X.,0
Cheng__B.H.,0
Cheng__Y.,0
Cheong__C.W.L.,0
Chetlur__M.,0
Chiera__B.,0
Ching__C.C.,0
Chinis__G.,0
Cho__Y..S.,0
Chorianopoulos__K.,0
Chow__B.W..Y.,0
Chu__S.,0
Chua__Y.H.V.,0
Chun.Wei_Lin__J.,0
Cicchinelli__A.,0
Cl√.rot__F.,0
Clayphan__A.,0
Cobo__C.,0
Coffrin__C.,0
Colavincenzo__A.,0
Collins.Thompson__K.,0
Colvin__K.,0
Conati__C.,0
Cooper__K.,0
Cooper__M.,0
Coopey__E.,0
Cornu√.jols__A.,0
Corwin__K.,0
Cote__M.,0
Cotos__E.,0
Cremonesi__P.,0
Crossley__S.A.,0
Cuadros__J.,0
Cubill√.__J.,0
Cuypers__H.,0
d.Aquin__M.,0
D.mello__S.,0
D‚..Mello__S.K.,0
D√.az__P.,0
Damelin__D.,0
Danahy__E.,0
Dauwels__J.,0
Dauxais__Y.,0
David__Y.B.,0
Davies__R.,0
Davis__C..S.,0
Davis__J.,0
Davis__S.K.,0
Dawsony__S.,0
De_Barba__P.G.,0
De_Croon__R.,0
De_Freitas__S.,0
De_Kereki__I.F.,0
De_Kraker__J.,0
De_Mendonca__P.F.,0
De_Quincey__E.,0
De_Rosa__M.,0
De_Salve__A.,0
De_Stefani__J.,0
DeBoer__J.,0
Dede__C.,0
Deeva__G.,0
Demonbrun__R.M.,0
Denaro__K.,0
Desmet__P.,0
Despujol__I.,0
Dessus__P.,0
Deved≈.iƒ.__V.,0
Dey__P.,0
Di_Mitri__D.,0
Diana__N.,0
Diefes.Dux__H.,0
Diego__A.,0
Dijkstra__R.,0
Dillon__J.,0
Dimitrijeviƒ.__S.,0
Dimopoulos__I.,0
Ding__W.,0
Diniz__J.R.B.,0
Diriye__A.,0
Divakaran__A.,0
Do__C..T.,0
Doberstein__D.,0
Dodge__B.,0
Dollinger__M.,0
Dom√.nguez__F.,0
Donald__C.,0
Donnelly__P.J.,0
Dorey.Elias__T.,0
Doroudi__S.,0
Dorsey__C.,0
Dos_Santos__A.D.P.,0
Dos_Santos__H.L.,0
Dougall__A.L.,0
Dourado__R.A.,0
Duan__X.,0
Dubrawski__A.,0
Duff__A.,0
Dugu√.p√.roux__J.,0
Duin__A.H.,0
Duivesteijn__W.,0
Dupont__M.,0
Duran__N.D.,0
Durand__G.,0
Duriƒ.__D.,0
Dwyer__N.,0
Dyckhoff__A.L.,0
Eaglem__M.,0
Edwards__R.L.,0
Edwards__T.,0
Effenberger__T.,0
Elbadrawy__A.,0
Elen__J.,0
Elizabeth_Richey__J.,0
Elouazizi__N.,0
Epp__C.D.,0
Erfani__S.,0
Erickson__J.A.,0
Esme__A.A.,0
Ez.Zaouia__M.,0
Fabregat__R.,0
Facciotti__M.T.,0
Fadljevic__L.,0
Falc√.o__T.P.,0
Falcones__G.,0
Falkner__K.,0
Fan__Y.,0
Fancsali__S.E.,0
Fanfarelli__J.R.,0
Farrington.Flint__L.,0
Fatt__S.J.,0
Faucon__L.,0
Faulkner__M.,0
Feng__G.,0
Feng__M.,0
Ferreira__M.,0
Ferschke__O.,0
Feskens__R.,0
Fessant__F.,0
Fessl__A.,0
Fiacco__J.,0
Fiallos__A.,0
Field__D.,0
Fields__B.,0
Fikes__T.G.,0
Fincham__E.,0
Finzer__W.,0
Fiorini__S.,0
Fisher__A.,0
Fleming__M.,0
Fogel__J.,0
Fornacciari__P.,0
Fournier.Viger__P.,0
Frazee__J.P.,0
Freeman__J.D.,0
Freitas__F.,0
Fridman__I.,0
Fu__X.,0
Fuglik__V.,0
Fujita__N.,0
Funel__A.,0
Furukawa__M.,0
G√≥mez.S√.nchez__E.,0
Ga≈.ev√.cy__D.,0
Gadiraju__U.,0
Gago__D.,0
Gal__K.,0
Gal__T.,0
Gal__Y.,0
Gallicchio__C.,0
Galyardt__A.,0
Gamrat__C.,0
Gandhi__P.,0
Gao__J.,0
Gao__S.,0
Gasteiger.Klicpera__B.,0
Gaussier__E.,0
Gautrais__C.,0
Gauvin__L.,0
Gebhardt__K.,0
Gehlbach__H.,0
Geller__S.A.,0
Gemmell__J.,0
Genc__U.,0
George__C.P.,0
Giacaman__N.,0
Giammattei__D.,0
Giannotti__F.,0
Gibberd__A.J.,0
Giesbers__B.,0
Gillois__P.,0
Ginn__J.,0
Gobert__J.D.,0
Godfrey__A.,0
Goggins__S.,0
Goldsmith__R.,0
Gomez__M.,0
Gonda__D.,0
Gong__W.,0
Goutte__C.,0
Govindarajan__S.K.P.,0
Gowda__S.M.,0
Graesser__A.C.,0
Grafsgaard__J.F.,0
Granda__R.,0
Grann__J.,0
Gravier__G.,0
Grawemeyer__B.,0
Gray__G.,0
Gray__P.,0
Greenberg__A.K.,0
Greenway__G.,0
Greller__W.,0
Griffiths__D.,0
Grom__G.,0
Gromov__A.,0
Groot__P.,0
Gross__E.,0
Gruzd__A.,0
Gu__X.,0
Guam√.n__B.,0
Guarnieri__G.,0
Guidi__B.,0
Guin__N.,0
Gunkel__M.,0
Gunnarsson__B.L.,0
Guti√.rrez__F.,0
Guyet__T.,0
Gweon__G.,0
Gweon__G..H.,0
Gyamfi__G.,0
Gyawali__B.,0
H√.ctor__J.P..D.,0
Hadgraft__R.,0
Hadwin__A.F.,0
Hadzikadic__M.,0
Hagood__D.,0
Halatchliyski__I.,0
Halawa__S.,0
Halb__W.,0
Hallinen__N.R.,0
Hamid__T.,0
Han__A.,0
Han__F.,0
Hanna__B.E.,0
Hansen__J.D.,0
Hansen__L.K.,0
Hansen__S.,0
Hardy__C.,0
Harfield__T.D.,0
Harpstead__E.,0
Harrak__F.,0
Harrer__A.,0
Harrison__S.,0
Hashiba__S.,0
Hasselbring__T.,0
Hasselman__F.,0
Hassinen__M.,0
Hattab__D.,0
Hausknecht__S.N.,0
Hawksey__M.,0
Hawn__A.,0
Hawn__M.A.,0
Hayes__C.,0
Haythornthwaite__C.,0
He__J.,0
He__Y.,0
Healion__D.,0
Heck__A.,0
Heins__M.,0
Hennis__T.,0
Heo__J.,0
Herder__T.,0
Hern√.ndez.Leo__D.,0
Hernandez.Leo__D.,0
Herrmannova__D.,0
Heskes__T.,0
Hickey__D.,0
Hilliger__I.,0
Hirnstein__M.,0
Hmelo.Silver__C.E.,0
Hoernle__N.,0
Hoffman__E.S.,0
Hoffmann__D.,0
Hollm√.n__J.,0
Holmes__W.,0
Holzer__A.,0
Hong__G.,0
Hong__H.,0
Hoppe__U.,0
Horvers__A.,0
Hu__Q.,0
Huang__P..K.,0
Hub√.ƒ.ek__O.,0
Hubbard__R.,0
Huggett__M.,0
Hughes__C.E.,0
Hulleman__C.,0
Hundhausen__C.D.,0
Hunter__J.,0
Huston__D.,0
Hwang__T.,0
Igo__M.,0
Indulska__M.,0
Ip__J.,0
Iraj__H.,0
Isabel__F..C.,0
Isaias__P.,0
Israel__J.,0
Jaakonm√.ki__R.,0
Jain__B.J.,0
James__M.T.,0
James__P.,0
Jandciu__E.,0
Jang__E.E.,0
Janisiewicz__P.,0
Janowicz__K.,0
Jay__N.,0
Jeffery__N.,0
Jenner__M.,0
Jeremic__Z.,0
Jermann__P.,0
Jes√∫s__M.,0
Jia__J.Z.,0
Jiang__W.,0
Jiang__Y.,0
Jim√.nez.G√≥mez__M.A.,0
Jin__W.Q.,0
Jo__Y.,0
Joh__A.,0
Joh__S.W.,0
Johanne__C.,0
Johnson__M.D.,0
Johnston__J.,0
Johri__A.,0
Joksimov√.c__S.,0
Jonathan__C.,0
Jonnalagadda__N.,0
Jorn__L.,0
Ju__S.,0
Jung__Y.,0
Kaetzel__J.,0
Kaliff__S.,0
Kamentz__D.,0
Kandhai__D.,0
Kang__R.,0
Kanopka__K.,0
Karabenick__S.A.,0
Karapistoli__E.,0
Karcher__B.,0
Karger__D.,0
Karkalas__S.,0
Karumbaiah__S.,0
Kataoka__Y.,0
Katerinopoulos__P.,0
Kaupp__J.,0
Kay__M.,0
Ke__X.,0
Kelley__T.A.,0
Kellogg__S.,0
Kelly__S.,0
Kevan__J.M.,0
Khan__I.,0
Kia__F.S.,0
Kidzinski__≈..,0
Kim__B.,0
Kim__D.,0
Kim__Y.,0
Kimball__N.,0
Kinai__A.,0
Kingstone__A.,0
Kirschner__P.,0
Kirschner__P.A.,0
Klebanov__B.B.,0
Klemke__R.,0
Kliman__M.,0
Klingler__S.,0
Knight__J.,0
Knoop.Van_Campen__C.A.N.,0
Knoop__H.,0
Ko__L.,0
Kobayashi__V.,0
Koch__D.,0
Koester__B.P.,0
Kohama__T.,0
Koile__K.,0
Kollom__K.,0
Kong__R.,0
Konomi__S.,0
Koops__J.,0
Kopeinik__S.,0
Kostyuk__V.,0
Koulocheri__E.,0
Kovanov√.c__V.,0
Kowald__D.,0
Kramer__S.,0
Krause__M.,0
Krauss__C.,0
Kreijns__K.,0
Krempl__G.,0
Krumm__A.E.,0
Kuncheva__Z.,0
Kuo__C..H.,0
Kwok__T.T.O.,0
Kyle__K.,0
Kyriacou__T.,0
L√.ger__S.,0
Labrum__M.J.,0
Labs__O.,0
Lafuente.Rego__B.,0
Lagacherie__M.,0
Lakkaraju__H.,0
Laks__H.,0
Lalwani__A.,0
Landolfi__L.,0
Lange__C.,0
Langie__G.,0
Lanski__A.,0
Lau__C.,0
Lau__R.,0
Lavou√.__E.,0
Lawrence__N.,0
Le√.¬.Borgne__Y..A.,0
Lebis__A.,0
Lecailliez__L.,0
Lee__A.V.Y.,0
Lee__G.,0
Lee__H..S.,0
Lee__R.,0
Leeman.Munk__S.P.,0
Lefevre__D.,0
Lefevre__M.,0
Legenstein__R.,0
Lemahieu__W.,0
Leme__L.A.P.P.,0
Lentini__J.,0
Levick__A.,0
Levy__J.,0
Lewis__M.,0
Lex__E.,0
Li__C.,0
Li__C..T.,0
Li__W.,0
Li__X.,0
Liaqat__A.,0
Liceralde__V.R.T.,0
Likens__A.,0
Likens__A.D.,0
Lim__H.,0
Lim__L.,0
Lim__L..A.,0
Lin__Y.,0
Lin__Y..L.,0
Lindst√.dt__S.,0
Lindstaedt__S.,0
Linn__M.C.,0
Lins__R.D.,0
Littlejohn__A.,0
Littleton__K.,0
Littman__M.L.,0
Liu__D.Y.T.,0
Liu__G.,0
Liu__L.,0
Liu__M.,0
Liu__S.,0
Liu__T.,0
Liu__Y.,0
Liu__Y..H.,0
Ljung__D.,0
Locker__L.,0
Lockwood__J.,0
Lockyer__L.,0
Lodge__J.,0
Lok__B.,0
Long__Y.,0
Lopes__G.R.,0
Lord__T.,0
Loretz__K.M.,0
Loukina__A.,0
Lu__X.,0
Lu__Y.,0
Lucinio__G..S.,0
Luckin__R.,0
Lui__G.,0
Lui__M.,0
Lukarov__V.,0
Luna__J.M.,0
Lund__K.,0
Lyons__K.,0
Lyons__L.,0
M√.ndez__G.,0
M≈.oz.Merino__P.J.,0
Maby__S.,0
Macarini__L.A.,0
Madhavan__K.,0
Madnani__N.,0
Magoulas__G.D.,0
Mahapatra__T.,0
Maitz__K.,0
Majumdar__R.,0
Makos__A.,0
Malekian__D.,0
Mallet__D.,0
Manai__O.,0
Manataki__A.,0
Manco__G.,0
Manderveld__J.,0
Mandran__N.,0
Maniktala__M.,0
Manouselis__N.,0
Manrique__R.,0
Marbouti__F.,0
Marenzi__I.,0
Marie__S.,0
Marino__O.,0
Mart√.nez.Maldonado__R.,0
Mart√.nez.Mon√.s__A.,0
Marteau__P..F.,0
Martin__T.,0
Martori__F.,0
Maruya__K.,0
Mateu__M.,0
Matsuda__Y.,0
Matthew_DeMonbrun__R.,0
Maya__R.,0
Mayles__K.,0
McAteer__S.,0
McCarthy__K.S.,0
McDaniel__R.,0
McDonagh.Smith__P.,0
McIntyre__S.,0
McKay__J.,0
McKay__T.A.,0
McKenzie__G.,0
Mclaughlin__E.A.,0
McNamara__C.,0
Mcpherson__J.,0
Mcwilliams__M.,0
Meinel__C.,0
Menchaca__M.P.,0
Mendhe__D.,0
Mendiburo__M.,0
Mete__S.E.,0
Michail__C.,0
Michailidis__G.,0
Micheli__A.,0
Michelotti__N.,0
Michos__K.,0
Migliori__S.,0
Milford__T.M.,0
Milikiƒ.__N.,0
Millar__G.C.,0
Millecamp__M.,0
Miller__D.,0
Miller__W.L.,0
Milligan__S.K.,0
Miranda__C.,0
Miranda__P.,0
Mirzaei__K.,0
Mitra__R.,0
Mitri__D.D.,0
Mitroviƒ.__S.,0
Miyazaki__Y.,0
Mohapatra__B.,0
Mol__S.,0
Molenar__I.,0
Mon√.s__A.M.,0
Mongkhonvanit__K.,0
Monroy__C.,0
Montana__G.,0
Montebello__M.,0
Moody__E.W.,0
Moore__A.,0
Mor__D.,0
Mordonini__M.,0
Moreno.Marcos__P.M.,0
Morgan__W.,0
Mori__P.,0
Morsy__S.,0
Mostafavi__B.,0
Mostow__J.,0
Mostowfi__M.,0
Moysiadis__G.,0
Mu√.oz.Merino__P.J.,0
Mu√.oz.Merinoa__P.J.,0
Mubangizi__M.,0
Mudrick__N.V.,0
Mulder__R.,0
Munk__J.,0
Munteanu__C.,0
Murdock__W.__III,0
Murphy__H.,0
Murray__A.,0
Musial__K.,0
Mutahi__J.,0
Nacu__D.,0
Nakagawa__K.,0
Nanni__M.,0
Nascimento__A.,0
Natilli__M.,0
Nawaz__S.,0
Nayak__P.,0
Naydenova__G.,0
NeCamp__T.,0
Nelson__J.D.B.,0
Netteland__G.,0
Neumann__S.,0
Ng__J.,0
Ng__T..D.J.,0
Nguyen__H.,0
Niaki__S.A.,0
Niemeijer__K.,0
Nikolov__A.,0
Norizuki__K.,0
Norris__D.,0
Nouri__J.,0
Nsolo__E.,0
Nurmikko.Fuller__T.,0
Nwanganga__F.,0
Nyland__R.,0
Nyrnberg__D.E.,0
Nystrand__M.,0
Ocheja__P.,0
Ochiai__H.,0
Ocumpaugh__J.L.,0
Oh__E.,0
Oi__M.,0
Okada__M.,0
Oktay__E.,0
Okur__E.,0
Olivares__D.M.,0
Oliver__C.W.,0
Olneck__M.R.,0
Olney__T.,0
Olsen__C.W.,0
Olsen__J.,0
Onuoha__O.,0
Orlandini__J.,0
Ortega__M.,0
Orth__D.,0
Osaki__A.,0
Oster__M.,0
Ostrow__K.,0
Ostrow__K.S.,0
Ostwald__J.,0
Otten__M.,0
Ou__L.,0
Oviatt__S.,0
Ozeki__T.,0
P√.rez.Sanagust√.n__M.,0
Paas__F.,0
Paepcke__A.,0
Pallant__A.,0
Panisson__A.,0
Pantucek__M.,0
Papamitsiou__Z.K.,0
Papou≈.ek__J.,0
Pappas__I.O.,0
Park__S.,0
Parodi__O.,0
Parra__D.,0
Patel__R.,0
Pathan__M.K.,0
Paton__C.,0
Patzak__A.,0
Paulin__D.,0
Pavlik__P.,0
Peace__C.,0
Pechenizkiy__M.,0
Peddi__T.,0
Peddycord__B.,0
Pedrelli__L.,0
Pedro__M.O.C.Z.S.,0
Pedro__M.O.Z.S.,0
Peffer__M.E.,0
Pelechrinis__K.,0
Peng__J..W.,0
Pensa__R.G.,0
Peri__S.S.S.,0
Perret__C.A.,0
Petropoulou__O.,0
Petsche__K.,0
Pfaffman__J.,0
Phillips__R.,0
Piech__C.,0
Piety__P.J.,0
Pinkard__N.,0
Pirr√≤__G.,0
Plummer__B.,0
Podkul__T.,0
Pong__T..C.,0
Ponti__G.,0
Poon__C.K.,0
Potts__B.A.,0
Power__T.,0
Pratesi__F.,0
Prescott__L.,0
Prestigiacomo__R.,0
Price.Dennis__D.,0
Price__M.J.,0
Pritchard__D.E.,0
Pulman__S.,0
Pybus__J.,0
Qi__X.,0
Qiao__C.,0
Qu__H.,0
Que__Y.,0
Quick__J.D.,0
Quinn__J.,0
Quirk__A.,0
Raca__M.,0
Radinsky__J.,0
Rahmadi__R.,0
Rangel__V.S.,0
Raschia__G.,0
Ravenscroft__A.,0
Reesman__J.,0
Reidsema__C.,0
Reilly__J.M.,0
Reniniou,0
Renz__J.,0
Renzel__D.,0
Resendes__M.,0
Retalis__S.,0
Rhim__J.,0
Rho__J.,0
Ricci__L.,0
Richards__G.,0
Richardson__J.T.E.,0
Ringtved__U.,0
Rinne__M.,0
Ritter__J.,0
Ritter__S.,0
Rivas__M.J.,0
Rivera.Pelayo__V.,0
Robberechts__P.,0
Roberto__M..M.,0
Robinson__C.,0
Rod√.s__V.,0
Rodr√.guez__L.,0
Rodrigues__R.L.,0
Rohloff__T.,0
Rojas__S.L.,0
Rolim__V.,0
Rombaut__M.,0
Ronchetti__M.,0
Ros√.__C.,0
Rose__C.,0
Rosen__Y.,0
Roth__D.,0
Rowe__E.,0
Rubin__A.,0
Rubinstein__B.I.P.,0
Ruip√.rez.Valientea__J.A.,0
Ruiz__S.,0
Ruppertz__L.,0
Russell__S.,0
Ryan__K.,0
Saab__N.,0
Saarinen__S.,0
Sabatini__J.,0
Sadaful__K.,0
Sadiq__S.,0
Sagarin__J.,0
Saint__J.,0
Salperwyck__C.,0
Salter__D.,0
Samadi__S.Y.,0
Sampson__D.G.,0
Samson__P.J.,0
San_Pedro__M.O.C.Z.,0
Sani__L.,0
Sans__V.,0
Santolini__M.,0
Santomauro__G.,0
Santos__O.C.,0
Sao_Pedro__M.A.,0
Sapienza__A.,0
Saqr__M.,0
Sarathy__N.,0
Saskia__B..G.,0
Sato__B.K.,0
Sch√.n__M.,0
Schaefer__S.,0
Schaeffer__J.,0
Schaub__F.,0
Schiorring__E.,0
Schneider__E.,0
Schneider__J.,0
Schreurs__B.,0
Schroeder__N.,0
Schwartz__D.L.,0
Schweighart__M.,0
Schwendimann__B.A.,0
Scupelli__P.,0
Segedy__J.R.,0
Sekiya__T.,0
Selent__D.,0
Sengupta__B.,0
Sewell__A.,0
Seyeditabari__A.,0
Shabaninejad__S.,0
Shehata__S.,0
Shultz__G.,0
Sicilia__M..A.,0
Siddiquie__B.,0
Siebert.Evenstone__A.,0
Siemensg__G.,0
Simmons__I.,0
Sipolins__A.,0
Skinner__G.,0
Skocilas__J.,0
Skretting__H.,0
Skrypnyk__O.,0
Slater__S.A.,0
Slotta__J.D.,0
Sluijter__J.,0
Smeaton__A.,0
Smith__C.P.,0
Smith__E.,0
Smyth__P.,0
Snoeck__M.,0
Soekarjo__K.M.W.,0
Soheily.Khah__S.,0
Solyst__J.,0
Sorokin__I.,0
Soussou__W.,0
Southavilay__V.,0
Spann__C.A.,0
Spiegel__S.,0
Srivastava__N.,0
Stanislav__V.,0
Steiner__T.A.,0
Steinert__L.,0
Steinwachs__M.,0
Stern__J.,0
Stevens__S.,0
Stewart__A.,0
Stoeffler__K.,0
Stone__C.,0
Stoyanov__S.,0
Studham__R.S.,0
Stump__G.S.,0
Su__J.K.,0
Suarez__N.,0
Suehiro__D.,0
Sulcer__B.,0
Sun__Y.,0
Swenson__J.,0
Swiecki__Z.,0
Syed__M.,0
Szegedi__P.,0
T√.rkmen__A.C.,0
Tabari__N.,0
Tabatabai__S.,0
Tada__M.,0
Takahashi__H.,0
Takanashi__K.,0
Tall__K.,0
Tamborg__A.L.,0
Tamrakar__A.,0
Tan__E.,0
Tan__Y.,0
Tavenard__R.,0
Taylor__J.N.,0
Taylor__S.,0
Tegene__M.,0
Tejeiro__R.,0
Tempelaar__D.,0
Tempelaar__D.T.,0
Teplovs__C.,0
Terzis__V.,0
Thaker__K.,0
The__B.,0
Thille__C.,0
Thompson__K.,0
Thorn__C.,0
Tian__L.,0
Tinker__R.,0
Tolvanen__T.,0
Tomaiuolo__M.,0
Tomar__G.,0
Tomiƒ.__B.,0
Tong__H.L.,0
Tormey__R.,0
Torre__M.V.,0
Tr√.tteberg__H.,0
Trasarti__R.,0
Trausan.Matu__S.,0
Tscholl__M.,0
Tsingos.Lucas__C.,0
Tupikina__L.,0
Turrin__R.,0
Turro__C.,0
Tuti__T.,0
Twiner__A.,0
Uchida__T.,0
Ukkonen__A.,0
Ullmann__T.D.,0
Uosaki__N.,0
Urretavizcaya__M.,0
Urrutia__M.L.,0
Uus__√..,0
Vachova__L.,0
Vaclavek__J.,0
Vahdati__S.,0
Valiente__J.A.R.,0
Van_De_Vrie__E.,0
Van_Den_Hoven__E.,0
van_der_Kamp__J.,0
Van_Der_Kooij__H.,0
Van_Der_Sluis__F.,0
Van_Der_Zee__T.,0
van_der_Zon__S.B.,0
Van_Goidsenhoven__S.,0
Van_Helden__G.,0
Van_Inwegen__E.,0
van_Ipenburg__W.,0
Van_Leeuwen__A.,0
Van_Soom__C.,0
Van_Staalduinen__J..P.,0
Vanden_Broucke__S.,0
Vanneste__P.,0
Varao.Sousa__T.L.,0
Vasalou__A.,0
Veas__E.,0
Veldsink__J.,0
Velloso__E.,0
Ventura__S.,0
Verheyen__P.,0
Vesin__B.,0
Vezzoli__Y.,0
Viberg__O.,0
Victoria_Almeda__M.,0
Vigentini__L.,0
Vilar__J.A.,0
Villano__R.,0
Vo__T.,0
Vogelsang__T.,0
Von_Davier__A.,0
Vozniuk__A.,0
Vozzi__F.,0
Vrzakova__H.,0
Vytasek__J.,0
Waddington__R.J.,0
Wadholm__B.,0
Waghray__D.,0
Wagner__A.Z.,0
Waller__R.,0
Wang__F.L.,0
Wang__H.,0
Wang__J.,0
Wang__Q.,0
Wang__Z.,0
Wanigasekara__N.,0
Ward__D.,0
Warmerdam__E.,0
Wasson__B.,0
Watanabe__E.,0
Watanabe__J.,0
Waters__A.E.,0
Weber__M.,0
Wei__H.,0
Wei__Q.,0
Wei__Z.,0
Weibel__N.,0
Weldemariam__K.,0
Wells__M.,0
Welsh__A.,0
Welsh__S.S.,0
Wen__M.,0
West__D.,0
Wham__D.,0
Whitaker__R.,0
Whyte__A.,0
Wiebe__E.N.,0
Wiedmann__M.,0
Wild__F.,0
Wiley__K.J.,0
Williams__D.,0
Willis__J.,0
Willis__J.E.,0
Willis__J.E.__III,0
Wiltrout__M.E.,0
Winne__P.H.,0
Winston__W.,0
Winters__N.,0
Wollenschlaeger__A.,0
Woloshen__S.,0
Wong__L.,0
Wong__T..L.,0
Woo__C.,0
Woo__M.,0
Woodruff__E.,0
Woodthorpe__J.,0
Wright__C.V.,0
Wright__M.C.,0
Wshah__S.,0
Wu__J.,0
Wu__Y..F.B.,0
Xenos__M.,0
Xhakaj__F.,0
Xia__M.,0
Xie__H.,0
Xiong__X.,0
Xiong__Y.,0
Xu__Y.,0
Yaginuma__Y.,0
Yamada__H.,0
Yamada__M.,0
Yamada__T.,0
Yamaguchi__K.,0
Yamashita__T.,0
Yan__W.,0
Yang__J..A.,0
Yang__K.,0
Yang__S.,0
Ye__S.,0
Yeomans__M.,0
Yeung__Y..C.A.,0
Yoon__M.,0
Yu__B.,0
Yu__R.,0
Yu__T.,0
Yu__Y.,0
Yuan__L.,0
Yuan__Y.,0
Yuhas__B.,0
Yun__H.,0
Yun__S.B.,0
Zacharias__V.,0
Zadrozny__W.,0
Zamecnik__A.,0
Zendulka__J.,0
Zeng__Z.,0
Zhang__A.X.,0
Zhang__G.,0
Zhang__R.,0
Zhang__X.,0
Zhang__Z.,0
Zhao__A.,0
Zhao__C.,0
Zheng__G.,0
Zheng__L.,0
Zhou__L.,0
Zhou__Q.,0
Zhu__H.,0
Zhu__W.,0
Zhu__Z.,0
Zimmerman__H.T.,0
Zimmerman__N.L.,0
Zook__J.,0
Zou__D.,0
Zouaq__A.,0
Zuccon__G.,0
Zushi__M.,0
